<References xmlns="http://xmlns.oracle.com/adf/jndi">
  <Reference name="Conn1" className="oracle.jdeveloper.db.adapter.DatabaseProvider" credentialStoreKey="Conn1" xmlns="">
    <Factory className="oracle.jdevimpl.db.adapter.DatabaseProviderFactory1212"/>
    <RefAddresses>
      <StringRefAddr addrType="oraDriverType">
        <Contents>thin</Contents>
      </StringRefAddr>
      <StringRefAddr addrType="hostname">
        <Contents>192.168.200.102</Contents>
      </StringRefAddr>
      <SecureRefAddr addrType="password"/>
      <StringRefAddr addrType="role">
        <Contents>1521</Contents>
      </StringRefAddr>
      <StringRefAddr addrType="subtype">
        <Contents>oraJDBC</Contents>
      </StringRefAddr>
      <StringRefAddr addrType="port">
        <Contents>1521</Contents>
      </StringRefAddr>
      <StringRefAddr addrType="user">
        <Contents>Apps</Contents>
      </StringRefAddr>
      <StringRefAddr addrType="sid">
        <Contents>ebsdb</Contents>
      </StringRefAddr>
    </RefAddresses>
  </Reference>
</References>