<?xml version="1.0" encoding="windows-1252" ?>
<!DOCTYPE ViewLink SYSTEM "jbo_03_01.dtd">
<!---->
<ViewLink
  xmlns="http://xmlns.oracle.com/bc4j"
  Name="HeaderToLineVL"
  Version="12.2.1.22.48"
  InheritPersonalization="merge"
  EntityAssociation="model.assoc.HeaderToLineAsso">
  <Properties>
    <SchemaBasedProperties>
      <LABEL
        ResId="model.ViewLink.HeaderToLineVL_LABEL"/>
    </SchemaBasedProperties>
  </Properties>
  <ViewLinkDefEnd
    Name="XxInvChemicalCoverHVO"
    Cardinality="1"
    Source="true"
    Owner="model.view.XxInvChemicalCoverHVO">
    <DesignTime>
      <Attr Name="_isUpdateable" Value="true"/>
      <Attr Name="_finderName" Value="XxInvChemicalCoverHVO"/>
    </DesignTime>
    <AttrArray Name="Attributes">
      <Item Value="model.view.XxInvChemicalCoverHVO.HeaderId"/>
    </AttrArray>
  </ViewLinkDefEnd>
  <ViewLinkDefEnd
    Name="XxInvChemicalCoverLVO"
    Cardinality="-1"
    Owner="model.view.XxInvChemicalCoverLVO">
    <DesignTime>
      <Attr Name="_isUpdateable" Value="true"/>
      <Attr Name="_finderName" Value="XxInvChemicalCoverLVO"/>
    </DesignTime>
    <AttrArray Name="Attributes">
      <Item Value="model.view.XxInvChemicalCoverLVO.HeaderId"/>
    </AttrArray>
  </ViewLinkDefEnd>
  <ResourceBundle>
    <PropertiesBundle
      PropertiesFile="model.ModelBundle"/>
  </ResourceBundle>
</ViewLink>
