<?xml version="1.0" encoding="windows-1252" ?>
<!DOCTYPE Entity SYSTEM "jbo_03_01.dtd">
<!---->
<Entity
  xmlns="http://xmlns.oracle.com/bc4j"
  Name="XxInvChemicalCoverHEO"
  Version="12.2.1.22.48"
  InheritPersonalization="merge"
  DBObjectType="table"
  DBObjectName="XX_INV_CHEMICAL_COVER_H"
  AliasName="XxInvChemicalCoverHEO"
  BindingStyle="OracleName"
  RowClass="model.entity.XxInvChemicalCoverHEOImpl">
  <DesignTime>
    <Attr Name="_codeGenFlag2" Value="Init|Delete|Access|DML"/>
    <Attr Name="_isCodegen" Value="true"/>
  </DesignTime>
  <Attribute
    Name="HeaderId"
    IsNotNull="true"
    ColumnName="HEADER_ID"
    SQLType="NUMERIC"
    Type="oracle.jbo.domain.Number"
    ColumnType="NUMBER"
    TableName="XX_INV_CHEMICAL_COVER_H"
    PrimaryKey="true"/>
  <Attribute
    Name="OrgId"
    ColumnName="ORG_ID"
    SQLType="NUMERIC"
    Type="oracle.jbo.domain.Number"
    ColumnType="NUMBER"
    TableName="XX_INV_CHEMICAL_COVER_H"/>
  <Attribute
    Name="Daymonth"
    Precision="15"
    ColumnName="DAYMONTH"
    SQLType="VARCHAR"
    Type="java.lang.String"
    ColumnType="VARCHAR2"
    TableName="XX_INV_CHEMICAL_COVER_H">
    <DesignTime>
      <Attr Name="_DisplaySize" Value="15"/>
    </DesignTime>
  </Attribute>
  <Attribute
    Name="CreatedBy"
    ColumnName="CREATED_BY"
    SQLType="NUMERIC"
    Type="oracle.jbo.domain.Number"
    ColumnType="NUMBER"
    TableName="XX_INV_CHEMICAL_COVER_H"/>
  <Attribute
    Name="CreationDate"
    ColumnName="CREATION_DATE"
    SQLType="DATE"
    Type="java.sql.Timestamp"
    ColumnType="DATE"
    TableName="XX_INV_CHEMICAL_COVER_H"/>
  <Attribute
    Name="LastUpdatedBy"
    ColumnName="LAST_UPDATED_BY"
    SQLType="NUMERIC"
    Type="oracle.jbo.domain.Number"
    ColumnType="NUMBER"
    TableName="XX_INV_CHEMICAL_COVER_H"/>
  <Attribute
    Name="LastUpdateDate"
    ColumnName="LAST_UPDATE_DATE"
    SQLType="DATE"
    Type="java.sql.Timestamp"
    ColumnType="DATE"
    TableName="XX_INV_CHEMICAL_COVER_H"/>
  <Attribute
    Name="Remarks"
    Precision="500"
    ColumnName="REMARKS"
    SQLType="VARCHAR"
    Type="java.lang.String"
    ColumnType="VARCHAR2"
    TableName="XX_INV_CHEMICAL_COVER_H">
    <DesignTime>
      <Attr Name="_DisplaySize" Value="500"/>
    </DesignTime>
  </Attribute>
  <AccessorAttribute
    Name="XxInvChemicalCoverLEO"
    Association="model.assoc.HeaderToLineAsso"
    AssociationEnd="model.assoc.HeaderToLineAsso.XxInvChemicalCoverLEO"
    AssociationOtherEnd="model.assoc.HeaderToLineAsso.XxInvChemicalCoverHEO"
    Type="oracle.jbo.RowIterator"
    IsUpdateable="false"/>
  <Key
    Name="XxInvChemicalCoverHPk"
    PrimaryKey="true">
    <DesignTime>
      <Attr Name="_DBObjectName" Value="XX_INV_CHEMICAL_COVER_H_PK"/>
    </DesignTime>
    <AttrArray Name="Attributes">
      <Item Value="model.entity.XxInvChemicalCoverHEO.HeaderId"/>
    </AttrArray>
  </Key>
</Entity>
