<?xml version="1.0" encoding="windows-1252" ?>
<!DOCTYPE Entity SYSTEM "jbo_03_01.dtd">
<!---->
<Entity
  xmlns="http://xmlns.oracle.com/bc4j"
  Name="XxInvChemicalCoverLEO"
  Version="12.2.1.22.48"
  InheritPersonalization="merge"
  DBObjectType="table"
  DBObjectName="XX_INV_CHEMICAL_COVER_L"
  AliasName="XxInvChemicalCoverLEO"
  BindingStyle="OracleName"
  RowClass="model.entity.XxInvChemicalCoverLEOImpl">
  <DesignTime>
    <Attr Name="_codeGenFlag2" Value="Init|Delete|Access|DML"/>
    <Attr Name="_isCodegen" Value="true"/>
  </DesignTime>
  <Attribute
    Name="HeaderId"
    ColumnName="HEADER_ID"
    SQLType="NUMERIC"
    Type="oracle.jbo.domain.Number"
    ColumnType="NUMBER"
    TableName="XX_INV_CHEMICAL_COVER_L"/>
  <Attribute
    Name="LineId"
    IsNotNull="true"
    ColumnName="LINE_ID"
    SQLType="NUMERIC"
    Type="oracle.jbo.domain.Number"
    ColumnType="NUMBER"
    TableName="XX_INV_CHEMICAL_COVER_L"
    PrimaryKey="true"/>
  <Attribute
    Name="InventoryItemId"
    ColumnName="INVENTORY_ITEM_ID"
    SQLType="NUMERIC"
    Type="oracle.jbo.domain.Number"
    ColumnType="NUMBER"
    TableName="XX_INV_CHEMICAL_COVER_L"/>
  <Attribute
    Name="NewOrderQty"
    ColumnName="NEW_ORDER_QTY"
    SQLType="NUMERIC"
    Type="oracle.jbo.domain.Number"
    ColumnType="NUMBER"
    TableName="XX_INV_CHEMICAL_COVER_L"/>
  <Attribute
    Name="RecvQty"
    ColumnName="RECV_QTY"
    SQLType="NUMERIC"
    Type="oracle.jbo.domain.Number"
    ColumnType="NUMBER"
    TableName="XX_INV_CHEMICAL_COVER_L"/>
  <Attribute
    Name="ForecastQty"
    ColumnName="FORECAST_QTY"
    SQLType="NUMERIC"
    Type="oracle.jbo.domain.Number"
    ColumnType="NUMBER"
    TableName="XX_INV_CHEMICAL_COVER_L"/>
  <Attribute
    Name="CreatedBy"
    ColumnName="CREATED_BY"
    SQLType="NUMERIC"
    Type="oracle.jbo.domain.Number"
    ColumnType="NUMBER"
    TableName="XX_INV_CHEMICAL_COVER_L"/>
  <Attribute
    Name="CreationDate"
    ColumnName="CREATION_DATE"
    SQLType="DATE"
    Type="java.sql.Timestamp"
    ColumnType="DATE"
    TableName="XX_INV_CHEMICAL_COVER_L"/>
  <Attribute
    Name="LastUpdatedBy"
    ColumnName="LAST_UPDATED_BY"
    SQLType="NUMERIC"
    Type="oracle.jbo.domain.Number"
    ColumnType="NUMBER"
    TableName="XX_INV_CHEMICAL_COVER_L"/>
  <Attribute
    Name="LastUpdateDate"
    ColumnName="LAST_UPDATE_DATE"
    SQLType="DATE"
    Type="java.sql.Timestamp"
    ColumnType="DATE"
    TableName="XX_INV_CHEMICAL_COVER_L"/>
  <Attribute
    Name="Remarks"
    Precision="500"
    ColumnName="REMARKS"
    SQLType="VARCHAR"
    Type="java.lang.String"
    ColumnType="VARCHAR2"
    TableName="XX_INV_CHEMICAL_COVER_L">
    <DesignTime>
      <Attr Name="_DisplaySize" Value="500"/>
    </DesignTime>
  </Attribute>
  <Attribute
    Name="NewOrderRecvMonth"
    Precision="25"
    ColumnName="NEW_ORDER_RECV_MONTH"
    SQLType="VARCHAR"
    Type="oracle.jbo.domain.Date"
    ColumnType="VARCHAR2"
    TableName="XX_INV_CHEMICAL_COVER_L">
    <DesignTime>
      <Attr Name="_DisplaySize" Value="25"/>
    </DesignTime>
    <Properties>
      <SchemaBasedProperties>
        <FMT_FORMAT
          ResId="model.entity.XxInvChemicalCoverLEO.NewOrderRecvMonth_FMT_FORMAT"/>
        <FMT_FORMATTER
          ResId="model.entity.XxInvChemicalCoverLEO.NewOrderRecvMonth_FMT_FORMATTER"/>
      </SchemaBasedProperties>
    </Properties>
  </Attribute>
  <AccessorAttribute
    Name="XxInvChemicalCoverHEO"
    Association="model.assoc.HeaderToLineAsso"
    AssociationEnd="model.assoc.HeaderToLineAsso.XxInvChemicalCoverHEO"
    AssociationOtherEnd="model.assoc.HeaderToLineAsso.XxInvChemicalCoverLEO"
    Type="model.entity.XxInvChemicalCoverHEOImpl"
    IsUpdateable="true"/>
  <Key
    Name="XxInvChemicalCoverLPk"
    PrimaryKey="true">
    <DesignTime>
      <Attr Name="_DBObjectName" Value="XX_INV_CHEMICAL_COVER_L_PK"/>
    </DesignTime>
    <AttrArray Name="Attributes">
      <Item Value="model.entity.XxInvChemicalCoverLEO.LineId"/>
    </AttrArray>
  </Key>
  <Key
    Name="XxInvChemicalFk">
    <DesignTime>
      <Attr Name="_referencedKey" Value="XX_INV_CHEMICAL_COVER_H_PK"/>
      <Attr Name="_isForeign" Value="true"/>
      <Attr Name="_DBObjectName" Value="XX_INV_CHEMICAL_FK"/>
    </DesignTime>
    <AttrArray Name="Attributes">
      <Item Value="model.entity.XxInvChemicalCoverLEO.HeaderId"/>
    </AttrArray>
  </Key>
  <Key
    Name="fk_XxInvChemicalCoverLEO">
    <DesignTime>
      <Attr Name="_referencedKey" Value="XX_INV_CHEMICAL_COVER_H_PK"/>
      <Attr Name="_isForeign" Value="true"/>
      <Attr Name="_DBObjectName" Value="FK_XX_INV_CHEMICAL_COVER_LEO"/>
    </DesignTime>
    <AttrArray Name="Attributes">
      <Item Value="model.entity.XxInvChemicalCoverLEO.HeaderId"/>
    </AttrArray>
  </Key>
  <ResourceBundle>
    <PropertiesBundle
      PropertiesFile="model.ModelBundle"/>
  </ResourceBundle>
</Entity>
