<?xml version="1.0" encoding="windows-1252" ?>
<!DOCTYPE ViewObject SYSTEM "jbo_03_01.dtd">
<!---->
<ViewObject
  xmlns="http://xmlns.oracle.com/bc4j"
  Name="inventoryItemsLov"
  Version="12.2.1.22.48"
  InheritPersonalization="merge"
  BindingStyle="OracleName"
  CustomQuery="true"
  PageIterMode="Full"
  AccessMode="DEFAULT">
  <DesignTime>
    <Attr Name="_isExpertMode" Value="true"/>
  </DesignTime>
  <Properties>
    <SchemaBasedProperties>
      <LABEL
        ResId="model.lov.inventoryItemsLov_LABEL"/>
    </SchemaBasedProperties>
  </Properties>
  <SQLQuery><![CDATA[SELECT SUBSTR (SUBSTR (DESCRIPTION, 10), 
                  1, 
                  INSTR (SUBSTR (DESCRIPTION, 10), 'None') - 2) 
             Description, 
          i.CONCATENATED_SEGMENTS ITEM_CODE_COMBINATION, 
          i.INVENTORY_ITEM_ID, 
          I.PRIMARY_UNIT_OF_MEASURE 
     FROM MTL_SYSTEM_ITEMS_KFV I 
    WHERE SEGMENT1 = '41' AND ORGANIZATION_ID = 357]]></SQLQuery>
  <ViewAttribute
    Name="Description"
    IsPersistent="false"
    PrecisionRule="true"
    Precision="255"
    Type="java.lang.String"
    ColumnType="VARCHAR2"
    AliasName="DESCRIPTION"
    Expression="DESCRIPTION"
    SQLType="VARCHAR">
    <DesignTime>
      <Attr Name="_DisplaySize" Value="231"/>
    </DesignTime>
    <Properties>
      <SchemaBasedProperties>
        <DISPLAYWIDTH
          Value="30"/>
      </SchemaBasedProperties>
    </Properties>
  </ViewAttribute>
  <ViewAttribute
    Name="ItemCodeCombination"
    IsPersistent="false"
    PrecisionRule="true"
    Precision="245"
    Type="java.lang.String"
    ColumnType="VARCHAR2"
    AliasName="ITEM_CODE_COMBINATION"
    Expression="ITEM_CODE_COMBINATION"
    SQLType="VARCHAR">
    <DesignTime>
      <Attr Name="_DisplaySize" Value="245"/>
    </DesignTime>
    <Properties>
      <SchemaBasedProperties>
        <DISPLAYHINT
          Value="Hide"/>
      </SchemaBasedProperties>
    </Properties>
  </ViewAttribute>
  <ViewAttribute
    Name="InventoryItemId"
    IsPersistent="false"
    PrecisionRule="true"
    Type="java.math.BigDecimal"
    ColumnType="NUMBER"
    AliasName="INVENTORY_ITEM_ID"
    Expression="INVENTORY_ITEM_ID"
    SQLType="NUMERIC">
    <Properties>
      <SchemaBasedProperties>
        <DISPLAYWIDTH
          Value="5"/>
        <LABEL
          ResId="model.lov.inventoryItemsLov.InventoryItemId_LABEL"/>
      </SchemaBasedProperties>
    </Properties>
  </ViewAttribute>
  <ViewAttribute
    Name="PrimaryUnitOfMeasure"
    IsPersistent="false"
    PrecisionRule="true"
    Precision="25"
    Type="java.lang.String"
    ColumnType="VARCHAR2"
    AliasName="PRIMARY_UNIT_OF_MEASURE"
    Expression="PRIMARY_UNIT_OF_MEASURE"
    SQLType="VARCHAR">
    <DesignTime>
      <Attr Name="_DisplaySize" Value="25"/>
    </DesignTime>
    <Properties>
      <SchemaBasedProperties>
        <DISPLAYHINT
          Value="Hide"/>
      </SchemaBasedProperties>
    </Properties>
  </ViewAttribute>
  <LOVUIHints
    ListType="105"
    MRUCount="0"
    NullValueFlag="none">
    <DisplayCriteria/>
  </LOVUIHints>
  <ResourceBundle>
    <PropertiesBundle
      PropertiesFile="model.ModelBundle"/>
  </ResourceBundle>
</ViewObject>
