<?xml version="1.0" encoding="windows-1252" ?>
<adfc-config xmlns="http://xmlns.oracle.com/adf/controller" version="1.2">
  <view id="HomePG">
    <page>/HomePG.jspx</page>
  </view>
  <view id="datails">
    <page>/datails.jspx</page>
  </view>
  <control-flow-rule id="__1">
    <from-activity-id>HomePG</from-activity-id>
    <control-flow-case id="__2">
      <from-outcome>go to details page</from-outcome>
      <to-activity-id>datails</to-activity-id>
    </control-flow-case>
  </control-flow-rule>
  <control-flow-rule id="__3">
    <from-activity-id>datails</from-activity-id>
    <control-flow-case id="__4">
      <from-outcome>return to Home Page</from-outcome>
      <to-activity-id>HomePG</to-activity-id>
    </control-flow-case>
  </control-flow-rule>
  <managed-bean id="__5">
    <managed-bean-name>myBean</managed-bean-name>
    <managed-bean-class>main.main</managed-bean-class>
    <managed-bean-scope>request</managed-bean-scope>
  </managed-bean>
</adfc-config>
