<?xml version="1.0" encoding="windows-1252" ?>
<!DOCTYPE Association SYSTEM "jbo_03_01.dtd">
<!---->
<Association
  xmlns="http://xmlns.oracle.com/bc4j"
  Name="HeaderToLineAsso"
  Version="12.2.1.22.48"
  InheritPersonalization="merge">
  <DesignTime>
    <Attr Name="_isCodegen" Value="true"/>
  </DesignTime>
  <AssociationEnd
    Name="XxInvChemicalCoverHEO"
    Cardinality="1"
    Source="true"
    Owner="model.entity.XxInvChemicalCoverHEO"
    LockLevel="NONE">
    <DesignTime>
      <Attr Name="_isUpdateable" Value="true"/>
      <Attr Name="_aggregation" Value="0"/>
      <Attr Name="_finderName" Value="XxInvChemicalCoverHEO"/>
      <Attr Name="_foreignKey" Value="model.entity.XxInvChemicalCoverHEO.XxInvChemicalCoverHPk"/>
    </DesignTime>
    <AttrArray Name="Attributes">
      <Item Value="model.entity.XxInvChemicalCoverHEO.HeaderId"/>
    </AttrArray>
  </AssociationEnd>
  <AssociationEnd
    Name="XxInvChemicalCoverLEO"
    Cardinality="-1"
    Owner="model.entity.XxInvChemicalCoverLEO">
    <DesignTime>
      <Attr Name="_isUpdateable" Value="true"/>
      <Attr Name="_aggregation" Value="0"/>
      <Attr Name="_finderName" Value="XxInvChemicalCoverLEO"/>
      <Attr Name="_foreignKey" Value="model.entity.XxInvChemicalCoverLEO.fk_XxInvChemicalCoverLEO"/>
    </DesignTime>
    <AttrArray Name="Attributes">
      <Item Value="model.entity.XxInvChemicalCoverLEO.HeaderId"/>
    </AttrArray>
  </AssociationEnd>
</Association>
